{"message":"http://omwssu.lab5a.nl.dmdsdp.com/errors/0000F0-HZNSTB-123456789/devupdate/0/5/Testing%20by%20Selene%20Team  ","timestamp":"2019-08-27T10:19:36Z","fqdn":"http://omwssu.lab5a.nl.dmdsdp.com/errors","cpe_id":"0000F0-HZNSTB-123456789","action":"devupdate","error_code":0.5}
{"message":"http://omwssu.lab5a.nl.dmdsdp.com/errors/0000F0-HZNSTB-123456789/devupdate/0/5/Testing%20by%20Selene%20Team  ","timestamp":"2019-08-27T10:19:36Z","fqdn":"http://omwssu.lab5a.nl.dmdsdp.com/errors","cpe_id":"0000F0-HZNSTB-123456789","action":"devupdate","error_code":0.5}
